file,qty,mirrored,assembly,bodies,size_mm,fusion_name
2x12-k-dowel,1,,plot-lock,1,2 x 12 x 2,2x12 K-Dowel
bed-base-bracket,1,,Plotter-Bed,1,243 x 219 x 7.5,Bed-Base-Bracket
bed-bracket-holder,1,,Plotter-Bed,1,223 x 85.5 x 7.5,Limn-Bed-Mat-Grab
cam-base,1,,Composant1318,1,11.9 x 51 x 15.6,Cam-Base
cam-conn,1,,Composant1318,1,12 x 21.6 x 12.9,Cam-Conn
chainlink,13,,Drag-Chain,1,25 x 45 x 10,ChainLink
cutter-bracket,1,,Plot-Cutter-Tool,1,16.1 x 16.1 x 9.3,Cutter-Bracket
diffused-mirrored,1,yes,Limn-UI-LED-diffuser,26,46.8 x 0.8 x 22.8,Diffused(Mirror)
diffuser,1,,Limn-UI-2-Mat,26,46.4 x 1.9 x 23.2,Diffuser
dockbase2mm,1,,Dock Base,1,199.8 x 14.5 x 48,DockBase2mm
endoscope-shim,1,,Limn-ToolHead,1,7.2 x 15 x 9,Endoscope Shim
icons,1,,Limn-UI-2-Mat,4,65 x 2 x 37.4,Icons
led-blocker-mirrored,1,yes,Limn-UI-LED-diffuser,1,64 x 5.5 x 30.8,LED-blocker(Mirror)
led-light-shim,1,,Limn-ToolHead,1,10.8 x 35.5 x 13.4,LED Light Shim
limn-aux-pcb,1,,Limn-Aux-PCB,1,99.8 x 59.3 x 7.7,Limn-Aux-PCB_1
limn-bottom-corner-a,1,,Limn,1,123.5 x 135.2 x 39.8,Plot-plaque-Belt-side-R
limn-bottom-corner-b-mirrored,1,yes,Limn,1,123.5 x 135.2 x 39.8,Plot-plaque-Belt-side-R(Mirror)
limn-bumper-left,1,,Limn-PCB-Bumper,1,56.5 x 55 x 52.8,Limn-Paper-Slider-Left
limn-bumper-middle,1,,Limn-PCB-Bumper,1,112.7 x 55 x 52.8,Limn-Bumper-Middle
limn-bumper-right,1,,Limn-PCB-Bumper,1,56.5 x 55 x 52.8,Limn-Paper-Slider-Right
limn-calibration-base,1,,Limn-Export-42_Paper-Bracket,1,181 x 242 x 6.9,Limn-A5-Paper-Frame-Base
limn-camera-y-endstop,1,,Limn-Axis-Right-Pulleys,1,7.4 x 46 x 36.5,Limn-Bed_Plot-Y-Endstop
limn-cover-power-top,1,,Limn-Bottom-Middle,1,123 x 23.5 x 9.2,Limn-Cover-Power-Top
limn-duct-chain,1,,Limn-Motor-Corner-B,1,48 x 13 x 70.5,Limn-Duct-Chain
limn-duct-cover,1,,Limn-Cable-Duct - Left,1,13.5 x 165.2 x 3.2,Limn-Duct-Cover
limn-duct-cover-2,1,,Limn-Cable-Duct - Right,1,13.5 x 165.2 x 3.2,Limn-Duct-Cover-2
limn-feet-1,1,,Limn-Motor-Corner-A,1,44.4 x 41 x 2.6,Limn-Feet-1
limn-feet-12,1,,Limn-Motor-Corner-B,1,44.4 x 41 x 2.6,Limn-Feet-12
limn-feet-2,1,,Limn-Bottom-Corner-A,1,38 x 53 x 2.6,Limn-Feet-2
limn-feet-22,1,,Limn-Bottom-Corner-B,1,38 x 53 x 2.6,Limn-Feet-22
limn-led-ui-conn,1,,Limn-Extras,1,49 x 17.7 x 30.4,Limn-LED-UI-Conn
limn-m3-bolt-leadscrew-adapter,1,,Limn-Z-Axis-Motor,1,14 x 14 x 7.1,Limn-M3-Bolt-Leadscrew-Adapter
limn-mcu-power-box,1,,Limn-Bottom-Middle,1,87.5 x 55.1 x 28.8,Limn-MCU-Power-Box
limn-middle-holder2,1,,Dock Base,1,26 x 65.2 x 67,Limn-Screen-Tool-Holder_1
limn-motor-top-chain-anchor,1,,Limn-Motor-Corner-B,1,42 x 32.2 x 10,Limn-Motor-Top-Chain-Anchor
limn-nfc-back,1,,Limn-NFC-Slider,1,42.8 x 1 x 40.5,Limn-NFC-Back
limn-nfc-mount,1,,Limn-NFC,1,18.3 x 47.4 x 40,Limn-NFC-Mount_1
limn-nfc-rail,1,,Limn-NFC-Slider,1,60.5 x 5 x 52.7,Limn-NFC-Rail
limn-nfc-rider,1,,Limn-NFC-Slider,1,8 x 8 x 28,Limn-NFC-Rider
limn-nfc-top-cover,1,,Limn-NFC-Slider,1,56.1 x 13 x 44.9,Limn-NFC-Top-Cover
limn-pcb-holder-a,1,,Controller-PCB,1,30 x 55.6 x 15,Limn-PCB-holder-A
limn-pcb-holder-a-mirrored,1,yes,Controller-PCB,1,30 x 55.6 x 15,Limn-PCB-holder-A(Mirror)
limn-pcb-holder-b,1,,Controller-PCB,1,12 x 55.6 x 15,Limn-PCB-holder-B
limn-pcb-holder-b-mirrored,1,yes,Controller-PCB,1,12 x 55.6 x 15,Limn-PCB-holder-B(Mirror)
limn-picowbase,1,,Limn-Aux-PCB,1,53 x 31.4 x 5,PicoWBase
limn-t41-tensioner-body,1,,Limn-Belt-Tensioner,1,15.6 x 30.1 x 22,Limn-T41-Tensioner-Body
limn-t41-tensioner-clip-bot,1,,Limn-Belt-Tensioner,1,10 x 7.5 x 13,Limn-T41-Tensioner-Clip-Bot
limn-t41-tensioner-clip-top,1,,Limn-Belt-Tensioner,1,10 x 7.5 x 13,Limn-T41-Tensioner-Clip-Top
limn-tool-dock-holder-b-1,1,,Limn-Bottom-Corner-B,1,25 x 22.7 x 78.6,Limn-Tool-Dock-Holder-B-1
limn-tool-dock-holder-b-2,1,,Limn-Bottom-Corner-A,1,25 x 22.7 x 78.6,Limn-Tool-Dock-Holder-B-2
limn-tool-dock-plate,5,,Limn-ToolHead-Key-Basic,1,8.5 x 32.5 x 36,Limn-Tool-Dock-Plate
limn-tool-led-indicators,1,,Limn-LEDs,1,192.8 x 5.5 x 5,Limn-Led-diffuser
limn-tool-plate-spacer,4,,Limn-ToolHead-Key-Basic,1,2 x 28.5 x 28.5,Limn-Tool-Plate-Spacer
limn-touch-probe-connector-body,1,,Plotter-Bed,1,40 x 35.5 x 5,Limn-Touch-probe-Connector-Body
limn-ui-case,1,,Limn-LED-UI,1,69 x 14.6 x 41.4,Limn-UI-Case
limn-x-endstop-base,1,,Limn-Motor-Corner-A,1,37.9 x 18.1 x 10,Limn-X-Endstop-Base
limn-y-axis-rider,1,,Limn-Y-Axis,1,47.3 x 29.4 x 70.7,Plot-ToolHead-Rider
limn-z-axis-42-imu-base,1,,Limn-Y-Axis,1,33.5 x 26.1 x 9.2,Limn-Z-Axis-42-IMU-Base
limn-z-axis-coupler,1,,Limn-Z-Axis-Motor,1,27.9 x 27.9 x 16,Limn-Z42-Conn-Motor
limn-z-axis-rider-hs,1,,Limn-Z-Axis-Rider,1,47.6 x 20.1 x 16,Limn-Z-Axis-Rider-HS
limn-z42-cable-cache,1,,Limn-Y-Axis,1,22.8 x 44.6 x 30.3,Limn-Z42-Cable-Cache
limn-z42-motor-base,1,,Limn-Y-Axis,1,29.2 x 41.2 x 8.2,Limn-Z42-Motor-Base
plot-axis-holder-t,1,,Limn-Axis-Right-Pulleys,1,18.7 x 52 x 40.1,Plot-Axis-Holder-T
plot-axis-holder-t-mirrored,1,yes,Limn-Axis-Left-Pulleys,1,16 x 52 x 40.1,Plot-Axis-Holder-T(Mirror)
plot-axis-rider,1,,Limn-Axis-Right-Pulleys,1,22.1 x 51 x 63.6,Plot-Axis-Rider
plot-axis-rider-right,1,,Limn-Axis-Left-Pulleys,1,22.1 x 51 x 63.6,Plot-Axis-Rider-Right
plot-belt-corner,1,,Plot-Corner-Belt,1,49 x 60.6 x 54.8,Plot-Belt-Corner
plot-belt-corner-mirrored,1,yes,Plot-Corner-Belt,1,49 x 60.6 x 54.8,Plot-Belt-Corner(Mirror)
plot-extruder-cover,1,,Limn-Toolchanger-Head,1,10.1 x 35.1 x 39.7,Plot-Extruder-Cover
plot-linear-gear,1,,Limn-Toolchanger-Head,1,49.3 x 5.6 x 6.5,plot-linear-gear
plot-motor-cover-a,1,,Limn-Motor-Corner-B,1,55 x 67.5 x 30.3,Plot-Motor-Cover-A
plot-motor-cover-x,1,,Limn-Motor-Corner-A,1,55 x 67.5 x 30.3,Plot-Motor-Cover-X
plot-motor-spacer,1,,Limn-Toolchanger-Head,1,4 x 25.2 x 19.4,Plot-Motor-Spacer
plot-plaque-base-a,1,,Limn-Motor-Corner-B,1,123.5 x 100.3 x 29.8,Plot-Plaque-Base-A
plot-plaque-base-x,1,,Limn-Motor-Corner-A,1,123.5 x 100.3 x 29.8,Plot-Plaque-Base-X
plot-rider-belt-cov,1,,Limn-Y-Axis,1,2.8 x 22.6 x 32,Plot-Rider-Belt-Cov
plot-rider-belt-cov-mirrored,1,yes,Limn-Y-Axis,1,2.8 x 22.6 x 32,Plot-Rider-Belt-Cov(Mirror)
plot-rotor-cover,1,,Limn-Toolchanger-Head,1,3.5 x 20 x 14.5,plot-rotor-cover
plot-tool-bracket,1,,Limn-Export-42_Tool-Dock,1,25 x 31.5 x 35,Plot-Tool-Bracket
plot-tool-bracket-2,1,,Plot-Cutter-Tool,1,25 x 31.5 x 45,Plot-Tool-Bracket_1
plot-tool-bracket-component5,1,,Plot-Tool-Bracket,6,0.2 x 11.4 x 10,Component5
plot-tool-bracket-component6,1,,Plot-Tool-Bracket,1,0.2 x 12 x 10.5,Component6
plot-tool-bracket-stabilo,1,,[F] Limn-plot-tool-object-stabio,1,25 x 31.5 x 35,Plot-Tool-Bracket_3
plot-tool-bracket-stabilo-component4,1,,Plot-Tool-Bracket-Stabilo,8,0.4 x 12.6 x 4,Component4
plot-tool-bracket-staedtler,1,,[F] Limn-plot-tool-object-staedtler,1,25 x 31.5 x 35,Plot-Tool-Bracket_4
plot-tool-dock-item,5,,Limn-Export-42_Tool-Dock,1,28.2 x 42.8 x 28,Plot-Tool-Dock-Item
plot-tool-pointer,1,,[F] Limn-plot-tool-object-test,1,25 x 31.5 x 35,Plot-Tool-Bracket_2
plot-tool-pointer-cat,1,,Plot-Tool-Pointer,4,0.4 x 11.7 x 9.1,cat
plot-toolch-base,1,,Limn-Toolchanger-Head,1,9.8 x 43.2 x 38.2,plot-toolch-base
plot-toolchanger-connector,1,,Limn-Z-Axis-Rider,1,11.6 x 28.6 x 19.1,Plot-Toolchanger-Rail-Base
scope-holder,1,,Limn-Z-Axis-Rider,1,14.1 x 18.3 x 15,Scope Holder
tof-holder,1,,Limn-Z-Axis-Rider,1,26 x 10.2 x 9.6,TOF-Holder
